title,price_gbp,rating,availability,category
The Dirty Little Secrets of Getting Your Dream Job,Â£33.34,Four,In stock,Business
The Third Wave: An Entrepreneurâs Vision of the Future,Â£12.61,Five,In stock,Business
The 10% Entrepreneur: Live Your Startup Dream Without Quitting Your Day Job,Â£27.55,Three,In stock,Business
Shoe Dog: A Memoir by the Creator of NIKE,Â£23.99,Two,In stock,Business
Made to Stick: Why Some Ideas Survive and Others Die,Â£38.85,Five,In stock,Business
Quench Your Own Thirst: Business Lessons Learned Over a Beer or Two,Â£43.14,One,In stock,Business
The Art of Startup Fundraising,Â£21.00,Three,In stock,Business
Born for This: How to Find the Work You Were Meant to Do,Â£21.59,Five,In stock,Business
The E-Myth Revisited: Why Most Small Businesses Don't Work and What to Do About It,Â£36.91,One,In stock,Business
"Rich Dad, Poor Dad",Â£51.74,One,In stock,Business
The Lean Startup: How Today's Entrepreneurs Use Continuous Innovation to Create Radically Successful Businesses,Â£33.92,Three,In stock,Business
Rework,Â£44.88,Two,In stock,Business
Sharp Objects,Â£47.82,Four,In stock,Mystery
"In a Dark, Dark Wood",Â£19.63,One,In stock,Mystery
The Past Never Ends,Â£56.50,Four,In stock,Mystery
A Murder in Time,Â£16.64,One,In stock,Mystery
The Murder of Roger Ackroyd (Hercule Poirot #4),Â£44.10,Four,In stock,Mystery
The Last Mile (Amos Decker #2),Â£54.21,Two,In stock,Mystery
That Darkness (Gardiner and Renner #1),Â£13.92,One,In stock,Mystery
Tastes Like Fear (DI Marnie Rome #3),Â£10.69,One,In stock,Mystery
A Time of Torment (Charlie Parker #14),Â£48.35,Five,In stock,Mystery
A Study in Scarlet (Sherlock Holmes #1),Â£16.73,Two,In stock,Mystery
Poisonous (Max Revere Novels #3),Â£26.80,Three,In stock,Mystery
Murder at the 42nd Street Library (Raymond Ambler #1),Â£54.36,Four,In stock,Mystery
Most Wanted,Â£35.28,Three,In stock,Mystery
Hide Away (Eve Duncan #20),Â£11.84,One,In stock,Mystery
Boar Island (Anna Pigeon #19),Â£59.48,Three,In stock,Mystery
The Widow,Â£27.26,Two,In stock,Mystery
Playing with Fire,Â£13.71,Three,In stock,Mystery
What Happened on Beale Street (Secrets of the South Mysteries #2),Â£25.37,Five,In stock,Mystery
The Bachelor Girl's Guide to Murder (Herringford and Watts Mysteries #1),Â£52.30,Five,In stock,Mystery
Delivering the Truth (Quaker Midwife Mystery #1),Â£20.89,Four,In stock,Mystery
The Mysterious Affair at Styles (Hercule Poirot #1),Â£24.80,Four,In stock,Mystery
In the Woods (Dublin Murder Squad #1),Â£38.38,Two,In stock,Mystery
The Silkworm (Cormoran Strike #2),Â£23.05,Five,In stock,Mystery
The Exiled,Â£43.45,Three,In stock,Mystery
The Cuckoo's Calling (Cormoran Strike #1),Â£19.21,One,In stock,Mystery
Extreme Prey (Lucas Davenport #26),Â£25.40,Three,In stock,Mystery
Career of Evil (Cormoran Strike #3),Â£24.72,Two,In stock,Mystery
The No. 1 Ladies' Detective Agency (No. 1 Ladies' Detective Agency #1),Â£57.70,Four,In stock,Mystery
The Girl You Lost,Â£12.29,Five,In stock,Mystery
The Girl In The Ice (DCI Erika Foster #1),Â£15.85,Three,In stock,Mystery
Blood Defense (Samantha Brinkman #1),Â£20.30,Three,In stock,Mystery
1st to Die (Women's Murder Club #1),Â£53.98,One,In stock,Mystery
Scott Pilgrim's Precious Little Life (Scott Pilgrim #1),Â£52.29,Five,In stock,Sequential_art
Tsubasa: WoRLD CHRoNiCLE 2 (Tsubasa WoRLD CHRoNiCLE #2),Â£16.28,One,In stock,Sequential_art
This One Summer,Â£19.49,Four,In stock,Sequential_art
The Nameless City (The Nameless City #1),Â£38.16,Four,In stock,Sequential_art
"Saga, Volume 5 (Saga (Collected Editions) #5)",Â£51.04,Two,In stock,Sequential_art
"Rat Queens, Vol. 3: Demons (Rat Queens (Collected Editions) #11-15)",Â£50.40,Three,In stock,Sequential_art
"Princess Jellyfish 2-in-1 Omnibus, Vol. 01 (Princess Jellyfish 2-in-1 Omnibus #1)",Â£13.61,Five,In stock,Sequential_art
"Pop Gun War, Volume 1: Gift",Â£18.97,One,In stock,Sequential_art
Patience,Â£10.16,Three,In stock,Sequential_art
"Outcast, Vol. 1: A Darkness Surrounds Him (Outcast #1)",Â£15.44,Four,In stock,Sequential_art
orange: The Complete Collection 1 (orange: The Complete Collection #1),Â£48.41,One,In stock,Sequential_art
"Lumberjanes, Vol. 2: Friendship to the Max (Lumberjanes #5-8)",Â£46.91,Two,In stock,Sequential_art
"Lumberjanes, Vol. 1: Beware the Kitten Holy (Lumberjanes #1-4)",Â£45.61,Three,In stock,Sequential_art
Lumberjanes Vol. 3: A Terrible Plan (Lumberjanes #9-12),Â£19.92,Two,In stock,Sequential_art
"I Hate Fairyland, Vol. 1: Madly Ever After (I Hate Fairyland (Compilations) #1-5)",Â£29.17,Two,In stock,Sequential_art
I am a Hero Omnibus Volume 1,Â£54.63,Three,In stock,Sequential_art
"Giant Days, Vol. 2 (Giant Days #5-8)",Â£22.11,Two,In stock,Sequential_art
Danganronpa Volume 1,Â£51.99,Four,In stock,Sequential_art
"Codename Baboushka, Volume 1: The Conclave of Death",Â£36.72,Four,In stock,Sequential_art
Camp Midnight,Â£17.08,Four,In stock,Sequential_art
"Bitch Planet, Vol. 1: Extraordinary Machine (Bitch Planet (Collected Editions))",Â£37.92,Two,In stock,Sequential_art
The Shadow Hero (The Shadow Hero),Â£33.14,One,In stock,Sequential_art
"Fables, Vol. 1: Legends in Exile (Fables #1)",Â£41.62,Four,In stock,Sequential_art
Batman: The Long Halloween (Batman),Â£36.50,Two,In stock,Sequential_art
Batman: The Dark Knight Returns (Batman),Â£15.38,Five,In stock,Sequential_art
"Wonder Woman: Earth One, Volume One (Wonder Woman: Earth One #1)",Â£37.34,Four,In stock,Sequential_art
"We Are Robin, Vol. 1: The Vigilante Business (We Are Robin #1)",Â£53.90,One,In stock,Sequential_art
Through the Woods,Â£25.38,Two,In stock,Sequential_art
Superman Vol. 1: Before Truth (Superman by Gene Luen Yang #1),Â£11.89,Five,In stock,Sequential_art
"So Cute It Hurts!!, Vol. 6 (So Cute It Hurts!! #6)",Â£35.43,Four,In stock,Sequential_art
Robin War,Â£47.82,Three,In stock,Sequential_art
"Red Hood/Arsenal, Vol. 1: Open for Business (Red Hood/Arsenal #1)",Â£25.48,Two,In stock,Sequential_art
"Naruto (3-in-1 Edition), Vol. 14: Includes Vols. 40, 41 & 42 (Naruto: Omnibus #14)",Â£38.39,Two,In stock,Sequential_art
Lowriders to the Center of the Earth (Lowriders in Space #2),Â£51.51,Two,In stock,Sequential_art
El Deafo,Â£57.62,Five,In stock,Sequential_art
Batman: Europa,Â£32.01,Two,In stock,Sequential_art
Art Ops Vol. 1,Â£48.80,Three,In stock,Sequential_art
"Adulthood Is a Myth: A ""Sarah's Scribbles"" Collection",Â£10.90,Two,In stock,Sequential_art
"Fruits Basket, Vol. 9 (Fruits Basket #9)",Â£33.95,Four,In stock,Sequential_art
Roller Girl,Â£14.10,Five,In stock,Sequential_art
"Fruits Basket, Vol. 7 (Fruits Basket #7)",Â£19.57,One,In stock,Sequential_art
"Fruits Basket, Vol. 6 (Fruits Basket #6)",Â£20.96,Four,In stock,Sequential_art
"Death Note, Vol. 6: Give-and-Take (Death Note #6)",Â£36.39,Three,In stock,Sequential_art
"Fruits Basket, Vol. 5 (Fruits Basket #5)",Â£16.33,One,In stock,Sequential_art
"Death Note, Vol. 5: Whiteout (Death Note #5)",Â£52.41,One,In stock,Sequential_art
"The Demon Prince of Momochi House, Vol. 4 (The Demon Prince of Momochi House #4)",Â£27.88,Two,In stock,Sequential_art
"Fruits Basket, Vol. 4 (Fruits Basket #4)",Â£50.44,Four,In stock,Sequential_art
"The Wicked + The Divine, Vol. 3: Commercial Suicide (The Wicked + The Divine)",Â£14.41,Three,In stock,Sequential_art
"The Sandman, Vol. 3: Dream Country (The Sandman (volumes) #3)",Â£55.55,Five,In stock,Sequential_art
"Saga, Volume 3 (Saga (Collected Editions) #3)",Â£21.57,Five,In stock,Sequential_art
Prodigy: The Graphic Novel (Legend: The Graphic Novel #2),Â£43.63,Three,In stock,Sequential_art
Persepolis: The Story of a Childhood (Persepolis #1-2),Â£39.13,One,In stock,Sequential_art
Original Fake,Â£31.45,Three,In stock,Sequential_art
"Grayson, Vol 3: Nemesis (Grayson #3)",Â£42.72,One,In stock,Sequential_art
"Fruits Basket, Vol. 3 (Fruits Basket #3)",Â£45.17,Two,In stock,Sequential_art
"Black Butler, Vol. 1 (Black Butler #1)",Â£49.31,One,In stock,Sequential_art
Awkward,Â£38.02,Two,In stock,Sequential_art
"The Sandman, Vol. 2: The Doll's House (The Sandman (volumes) #2)",Â£54.81,One,In stock,Sequential_art
"Saga, Volume 2 (Saga (Collected Editions) #2)",Â£11.75,Three,In stock,Sequential_art
"Fruits Basket, Vol. 2 (Fruits Basket #2)",Â£11.64,Five,In stock,Sequential_art
"Y: The Last Man, Vol. 1: Unmanned (Y: The Last Man #1)",Â£18.51,Four,In stock,Sequential_art
"The Wicked + The Divine, Vol. 1: The Faust Act (The Wicked + The Divine)",Â£36.52,Two,In stock,Sequential_art
"The Sandman, Vol. 1: Preludes and Nocturnes (The Sandman (volumes) #1)",Â£54.12,Three,In stock,Sequential_art
The Complete Maus (Maus #1-2),Â£10.64,Three,In stock,Sequential_art
"Skip Beat!, Vol. 01 (Skip Beat! #1)",Â£42.12,Three,In stock,Sequential_art
"Saga, Volume 1 (Saga (Collected Editions) #1)",Â£28.48,One,In stock,Sequential_art
"Rat Queens, Vol. 1: Sass & Sorcery (Rat Queens (Collected Editions) #1-5)",Â£46.96,Five,In stock,Sequential_art
"Paper Girls, Vol. 1 (Paper Girls #1-5)",Â£21.71,Four,In stock,Sequential_art
"Ouran High School Host Club, Vol. 1 (Ouran High School Host Club #1)",Â£29.87,Three,In stock,Sequential_art
"Ms. Marvel, Vol. 1: No Normal (Ms. Marvel (2014-2015) #1)",Â£39.39,Four,In stock,Sequential_art
"Hawkeye, Vol. 1: My Life as a Weapon (Hawkeye #1)",Â£45.24,Three,In stock,Sequential_art
"Giant Days, Vol. 1 (Giant Days #1-4)",Â£56.76,Four,In stock,Sequential_art
"Fruits Basket, Vol. 1 (Fruits Basket #1)",Â£40.28,Five,In stock,Sequential_art
"Bleach, Vol. 1: Strawberry and the Soul Reapers (Bleach #1)",Â£34.65,Five,In stock,Sequential_art
"Ajin: Demi-Human, Volume 1 (Ajin: Demi-Human #1)",Â£57.06,Four,In stock,Sequential_art
